{
    "page": 1,
    "results": [
      {
        "id": 429617,
        "video": false,
        "vote_count": 4436,
        "vote_average": 7.6,
        "title": "Spider-Man: Far from Home",
        "release_date": "2019-06-28",
        "original_language": "en",
        "original_title": "Spider-Man: Far from Home",
        "genre_ids": [
          28,
          12,
          878
        ],
        "backdrop_path": "/5myQbDzw3l8K9yofUXRJ4UTVgam.jpg",
        "adult": false,
        "overview": "Peter Parker and his friends go on a summer trip to Europe. However, they will hardly be able to rest - Peter will have to agree to help Nick Fury uncover the mystery of creatures that cause natural disasters and destruction throughout the continent.",
        "poster_path": "/lcq8dVxeeOqHvvgcte707K0KVx5.jpg",
        "popularity": 142.367,
        "media_type": "movie"
      },
      {
        "id": 420818,
        "video": false,
        "vote_count": 2903,
        "vote_average": 7.1,
        "title": "The Lion King",
        "release_date": "2019-07-12",
        "original_language": "en",
        "original_title": "The Lion King",
        "genre_ids": [
          12,
          16,
          18,
          10751
        ],
        "backdrop_path": "/nRXO2SnOA75OsWhNhXstHB8ZmI3.jpg",
        "adult": false,
        "overview": "Simba idolises his father, King Mufasa, and takes to heart his own royal destiny. But not everyone in the kingdom celebrates the new cub's arrival. Scar, Mufasa's brother—and former heir to the throne—has plans of his own. The battle for Pride Rock is ravaged with betrayal, tragedy and drama, ultimately resulting in Simba's exile. With help from a curious pair of newfound friends, Simba will have to figure out how to grow up and take back what is rightfully his.",
        "poster_path": "/2bXbqYdUdNVa8VIWXVfclP2ICtT.jpg",
        "popularity": 316.457,
        "media_type": "movie"
      },
      {
        "id": 559969,
        "video": false,
        "vote_count": 681,
        "vote_average": 7.3,
        "title": "El Camino: A Breaking Bad Movie",
        "release_date": "2019-10-11",
        "original_language": "en",
        "original_title": "El Camino: A Breaking Bad Movie",
        "genre_ids": [
          80,
          18,
          53
        ],
        "backdrop_path": "/uLXK1LQM28XovWHPao3ViTeggXA.jpg",
        "adult": false,
        "overview": "In the wake of his dramatic escape from captivity, Jesse Pinkman must come to terms with his past in order to forge some kind of future.",
        "poster_path": "/ePXuKdXZuJx8hHMNr2yM4jY2L7Z.jpg",
        "popularity": 196.897,
        "media_type": "movie"
      },
      {
        "id": 301528,
        "video": false,
        "vote_count": 2631,
        "vote_average": 7.6,
        "title": "Toy Story 4",
        "release_date": "2019-06-19",
        "original_language": "en",
        "original_title": "Toy Story 4",
        "genre_ids": [
          12,
          16,
          35,
          14,
          10751
        ],
        "backdrop_path": "/m67smI1IIMmYzCl9axvKNULVKLr.jpg",
        "adult": false,
        "overview": "Woody has always been confident about his place in the world and that his priority is taking care of his kid, whether that's Andy or Bonnie. But when Bonnie adds a reluctant new toy called \"Forky\" to her room, a road trip adventure alongside old and new friends will show Woody how big the world can be for a toy.",
        "poster_path": "/w9kR8qbmQ01HwnvK4alvnQ2ca0L.jpg",
        "popularity": 136.48,
        "media_type": "movie"
      },
      {
        "id": 475557,
        "video": false,
        "vote_count": 2742,
        "vote_average": 8.7,
        "title": "Joker",
        "release_date": "2019-10-02",
        "original_language": "en",
        "original_title": "Joker",
        "genre_ids": [
          80,
          18,
          53
        ],
        "backdrop_path": "/n6bUvigpRFqSwmPp1m2YADdbRBc.jpg",
        "adult": false,
        "overview": "During the 1980s, a failed stand-up comedian is driven insane and turns to a life of crime and chaos in Gotham City while becoming an infamous psychopathic crime figure.",
        "poster_path": "/udDclJoHjfjb8Ekgsd4FDteOkCU.jpg",
        "popularity": 602.723,
        "media_type": "movie"
      },
      {
        "id": 458156,
        "video": false,
        "vote_count": 2919,
        "vote_average": 7.1,
        "title": "John Wick: Chapter 3 - Parabellum",
        "release_date": "2019-05-15",
        "original_language": "en",
        "original_title": "John Wick: Chapter 3 - Parabellum",
        "genre_ids": [
          28,
          80,
          53
        ],
        "backdrop_path": "/stemLQMLDrlpfIlZ5OjllOPT8QX.jpg",
        "adult": false,
        "overview": "Super-assassin John Wick returns with a $14 million price tag on his head and an army of bounty-hunting killers on his trail. After killing a member of the shadowy international assassin’s guild, the High Table, John Wick is excommunicado, but the world’s most ruthless hit men and women await his every turn.",
        "poster_path": "/ziEuG1essDuWuC5lpWUaw1uXY2O.jpg",
        "popularity": 100.135,
        "media_type": "movie"
      },
      {
        "id": 384018,
        "video": false,
        "vote_count": 1507,
        "vote_average": 6.5,
        "title": "Fast & Furious Presents: Hobbs & Shaw",
        "release_date": "2019-08-01",
        "original_language": "en",
        "original_title": "Fast & Furious Presents: Hobbs & Shaw",
        "genre_ids": [
          28
        ],
        "backdrop_path": "/hpgda6P9GutvdkDX5MUJ92QG9aj.jpg",
        "adult": false,
        "overview": "A spinoff of The Fate of the Furious, focusing on Johnson's US Diplomatic Security Agent Luke Hobbs forming an unlikely alliance with Statham's Deckard Shaw.",
        "poster_path": "/keym7MPn1icW1wWfzMnW3HeuzWU.jpg",
        "popularity": 124.259,
        "media_type": "movie"
      },
      {
        "id": 513045,
        "video": false,
        "vote_count": 185,
        "vote_average": 6.5,
        "title": "Stuber",
        "release_date": "2019-07-11",
        "original_language": "en",
        "original_title": "Stuber",
        "genre_ids": [
          28,
          35,
          80,
          53
        ],
        "backdrop_path": "/xgfn98c2UzvFWP6MXDzytearmQ3.jpg",
        "adult": false,
        "overview": "After crashing his car, a cop who's recovering from eye surgery recruits an Uber driver to help him catch a heroin dealer. The mismatched pair soon find themselves in for a wild day of stakeouts and shootouts as they encounter the city's seedy side.",
        "poster_path": "/klkFYDZOetegK8floj6IjvbzzQ2.jpg",
        "popularity": 67.276,
        "media_type": "movie"
      },
      {
        "id": 299534,
        "video": false,
        "vote_count": 9829,
        "vote_average": 8.3,
        "title": "Avengers: Endgame",
        "release_date": "2019-04-24",
        "original_language": "en",
        "original_title": "Avengers: Endgame",
        "genre_ids": [
          28,
          12,
          878
        ],
        "backdrop_path": "/7RyHsO4yDXtBv1zUU3mTpHeQ0d5.jpg",
        "adult": false,
        "overview": "After the devastating events of Avengers: Infinity War, the universe is in ruins due to the efforts of the Mad Titan, Thanos. With the help of remaining allies, the Avengers must assemble once more in order to undo Thanos' actions and restore order to the universe once and for all, no matter what consequences may be in store.",
        "poster_path": "/or06FN3Dka5tukK1e9sl16pB3iy.jpg",
        "popularity": 63.517,
        "media_type": "movie"
      },
      {
        "id": 479455,
        "video": false,
        "vote_count": 1471,
        "vote_average": 5.9,
        "title": "Men in Black: International",
        "release_date": "2019-06-12",
        "original_language": "en",
        "original_title": "Men in Black: International",
        "genre_ids": [
          28,
          12,
          35,
          878
        ],
        "backdrop_path": "/enNSnMYj78ihLmiWrB4K6ymv9ux.jpg",
        "adult": false,
        "overview": "The Men in Black have always protected the Earth from the scum of the universe. In this new adventure, they tackle their biggest, most global threat to date: a mole in the Men in Black organization.",
        "poster_path": "/dPrUPFcgLfNbmDL8V69vcrTyEfb.jpg",
        "popularity": 97.695,
        "media_type": "movie"
      },
      {
        "id": 320288,
        "video": false,
        "vote_count": 2149,
        "vote_average": 6.1,
        "title": "Dark Phoenix",
        "release_date": "2019-06-05",
        "original_language": "en",
        "original_title": "Dark Phoenix",
        "genre_ids": [
          28,
          12,
          878
        ],
        "backdrop_path": "/cjRUhKyt2Jo3V1KNzc5tpPNfccG.jpg",
        "adult": false,
        "overview": "The X-Men face their most formidable and powerful foe when one of their own, Jean Grey, starts to spiral out of control. During a rescue mission in outer space, Jean is nearly killed when she's hit by a mysterious cosmic force. Once she returns home, this force not only makes her infinitely more powerful, but far more unstable. The X-Men must now band together to save her soul and battle aliens that want to use Grey's new abilities to rule the galaxy.",
        "poster_path": "/cCTJPelKGLhALq3r51A9uMonxKj.jpg",
        "popularity": 66.473,
        "media_type": "movie"
      },
      {
        "id": 474350,
        "video": false,
        "vote_count": 1539,
        "vote_average": 7,
        "title": "It Chapter Two",
        "release_date": "2019-09-04",
        "original_language": "en",
        "original_title": "It Chapter Two",
        "genre_ids": [
          27
        ],
        "backdrop_path": "/8moTOzunF7p40oR5XhlDvJckOSW.jpg",
        "adult": false,
        "overview": "27 years after overcoming the malevolent supernatural entity Pennywise, the former members of the Losers' Club, who have grown up and moved away from Derry, are brought back together by a devastating phone call.",
        "poster_path": "/zfE0R94v1E8cuKAerbskfD3VfUt.jpg",
        "popularity": 182.507,
        "media_type": "movie"
      },
      {
        "id": 420817,
        "video": false,
        "vote_count": 3722,
        "vote_average": 7.1,
        "title": "Aladdin",
        "release_date": "2019-05-22",
        "original_language": "en",
        "original_title": "Aladdin",
        "genre_ids": [
          12,
          35,
          14,
          10749,
          10751
        ],
        "backdrop_path": "/rVqY0Bo4Npf6EIONUROxjYAJfmD.jpg",
        "adult": false,
        "overview": "A kindhearted street urchin named Aladdin embarks on a magical adventure after finding a lamp that releases a wisecracking genie while a power-hungry Grand Vizier vies for the same lamp that has the power to make their deepest wishes come true.",
        "poster_path": "/3iYQTLGoy7QnjcUYRJy4YrAgGvp.jpg",
        "popularity": 104.706,
        "media_type": "movie"
      },
      {
        "id": 511987,
        "video": false,
        "vote_count": 614,
        "vote_average": 6.1,
        "title": "Crawl",
        "release_date": "2019-07-11",
        "original_language": "en",
        "original_title": "Crawl",
        "genre_ids": [
          28,
          18,
          27,
          53
        ],
        "backdrop_path": "/lm4xH0YwFbVvTgdtau1thNK5S6J.jpg",
        "adult": false,
        "overview": "When a huge hurricane hits her hometown in Florida, Haley ignores evacuation orders to look for her father. After finding him badly wounded, both are trapped by the flood. With virtually no time to escape the storm, they discover that rising water levels are the least of their problems.",
        "poster_path": "/4WH6AZd473lRZ3hUp8TYiv2LfZW.jpg",
        "popularity": 55.166,
        "media_type": "movie"
      },
      {
        "adult": false,
        "backdrop_path": "/3UnUxeEAGoZhjIW8X1HpEuDPngV.jpg",
        "genre_ids": [
          53
        ],
        "id": 568091,
        "original_language": "en",
        "original_title": "Fractured",
        "overview": "Driving cross-country, Ray and his wife and daughter stop at a highway rest area where his daughter falls and breaks her arm. After a frantic rush to the hospital and a clash with the check-in nurse, Ray is finally able to get her to a doctor. While the wife and daughter go downstairs for an MRI, Ray, exhausted, passes out in a chair in the lobby. Upon waking up, they have no record or knowledge of Ray's family ever being checked in.",
        "poster_path": "/paZNRffT3kUckuRFKbeDBuX1YcZ.jpg",
        "release_date": "2019-09-22",
        "title": "Fractured",
        "video": false,
        "vote_average": 6.6,
        "vote_count": 147,
        "popularity": 19.782,
        "media_type": "movie"
      },
      {
        "id": 523139,
        "video": false,
        "vote_count": 315,
        "vote_average": 5.5,
        "title": "In the Tall Grass",
        "release_date": "2019-09-19",
        "original_language": "en",
        "original_title": "In the Tall Grass",
        "genre_ids": [
          27
        ],
        "backdrop_path": "/qk8pKinGFWEDZ02NVKuUsBuWuGx.jpg",
        "adult": false,
        "overview": "After hearing a young boy's cry for help, a sister and brother venture into a vast field of tall grass in Kansas but soon discover there may be no way out ... and that something evil lurks within.",
        "poster_path": "/1RxhzwFkAUqMt215Brb06u8P8pn.jpg",
        "popularity": 48.335,
        "media_type": "movie"
      },
      {
        "id": 537055,
        "video": false,
        "vote_count": 24,
        "vote_average": 6.7,
        "title": "Wonder Woman: Bloodlines",
        "release_date": "2019-10-05",
        "original_language": "en",
        "original_title": "Wonder Woman: Bloodlines",
        "genre_ids": [
          28,
          16,
          14
        ],
        "backdrop_path": "/evBWuv3S9AOTwEop6goE3xs1MH0.jpg",
        "adult": false,
        "overview": "When Amazon princess Diana of Themyscira chooses to save fighter pilot Steve Trevor, it’s a choice that will change her world and ours. Fulfilling the role of both ambassador as well as protector, Diana earns the name Wonder Woman from the gracious people of Earth. But her heart is as strong as her will as she is determined to help a troubled and embittered young girl whom has fallen in with a deadly organization known only as Villainy, Inc! Get ready for an exciting adventure packed with brutal battles, myth and wonder!",
        "poster_path": "/w1SBqj0fn1j72ST5i1jauWo3swT.jpg",
        "popularity": 67.37,
        "media_type": "movie"
      },
      {
        "id": 453405,
        "video": false,
        "vote_count": 200,
        "vote_average": 6,
        "title": "Gemini Man",
        "release_date": "2019-10-02",
        "original_language": "en",
        "original_title": "Gemini Man",
        "genre_ids": [
          28,
          53
        ],
        "backdrop_path": "/c3F4P2oauA7IQmy4hM0OmRt2W7d.jpg",
        "adult": false,
        "overview": "Henry Brogen, an aging assassin tries to get out of the business but finds himself in the ultimate battle: fighting his own clone who is 25 years younger than him and at the peak of his abilities.",
        "poster_path": "/uTALxjQU8e1lhmNjP9nnJ3t2pRU.jpg",
        "popularity": 186.811,
        "media_type": "movie"
      },
      {
        "id": 373571,
        "video": false,
        "vote_count": 1574,
        "vote_average": 6.2,
        "title": "Godzilla: King of the Monsters",
        "release_date": "2019-05-29",
        "original_language": "en",
        "original_title": "Godzilla: King of the Monsters",
        "genre_ids": [
          28,
          878
        ],
        "backdrop_path": "/cNt14e43I2DDW6Xd9zFhrP8eOcA.jpg",
        "adult": false,
        "overview": "Follows the heroic efforts of the crypto-zoological agency Monarch as its members face off against a battery of god-sized monsters, including the mighty Godzilla, who collides with Mothra, Rodan, and his ultimate nemesis, the three-headed King Ghidorah. When these ancient super-species - thought to be mere myths - rise again, they all vie for supremacy, leaving humanity's very existence hanging in the balance.",
        "poster_path": "/fQ40gmFM4p03tXwMxQQKh2cCBW4.jpg",
        "popularity": 45.491,
        "media_type": "movie"
      },
      {
        "id": 530385,
        "video": false,
        "vote_count": 775,
        "vote_average": 7.2,
        "title": "Midsommar",
        "release_date": "2019-07-03",
        "original_language": "en",
        "original_title": "Midsommar",
        "genre_ids": [
          18,
          27,
          9648,
          53
        ],
        "backdrop_path": "/g6GtOfXtzDpY73ef7wludoorTti.jpg",
        "adult": false,
        "overview": "A young couple travels to Sweden to visit their friend’s rural hometown and attend its mid-summer festival. What begins as an idyllic retreat quickly descends into an increasingly violent and bizarre competition at the hands of a pagan cult.",
        "poster_path": "/rXsh4MI6uyVgZBSSzXCfitJnVPy.jpg",
        "popularity": 44.88,
        "media_type": "movie"
      }
    ],
    "total_pages": 1000,
    "total_results": 20000
  }